Data_Ora,Pair,Prezzo_Pivot,EMA50,Saldo_EUR_Pool,Crypto_Posseduta,Trend_OK,Motivo
2026-08-03 14:42:00,ETH-EUR,1620.70,1615.53,70.31,0.06500,True,Riallineamento Ordine SELL Mancante
2026-08-03 14:42:02,BTC-EUR,55373.23,54728.22,70.31,0.00076,True,Riallineamento Ordine SELL Mancante 📈[Dynamic Profit MED: +1.3%]


2026-08-04 14:27:41,LINK-EUR,7.10,7.13,70.31,0.00000,True,57.1,0.55,6.96,7.33,2.00%,3.25%,Inizializzazione Nuova Coin Satellite (AI Auditor) 📈[Dynamic Profit MED: +3.2%] (Acquisto Starter a Mercato Eseguito)
2026-08-04 14:31:02,LINK-EUR,7.10,7.13,64.72,0.78000,True,57.1,0.55,6.96,7.33,2.00%,3.25%,Inizializzazione Nuova Coin Satellite (AI Auditor) 📈[Dynamic Profit MED: +3.2%]
2026-08-04 14:40:49,LINK-EUR,7.15,7.13,64.72,0.78000,True,63.6,1.00,7.01,7.38,2.00%,3.25%,Inizializzazione Nuova Coin Satellite (AI Auditor) 📈[Dynamic Profit MED: +3.2%]
2026-08-04 14:41:46,LINK-EUR,7.11,7.13,64.72,0.78000,True,58.6,0.56,6.90,7.34,3.00%,3.25%,Inizializzazione Nuova Coin Satellite (AI Auditor) ⚡[ML: High Vol Grid] 📈[Dynamic Profit MED: +3.2%]
2026-08-04 14:50:57,LINK-EUR,7.14,7.13,64.72,0.78000,True,62.5,1.50,7.00,7.37,2.00%,3.25%,Inizializzazione Nuova Coin Satellite (AI Auditor) 📈[Dynamic Profit MED: +3.2%]
